cookie_name,category,description
nmstat,"Analytics""","""This cookie is used to help record the visitor's use of the website. It is used to collect statistics about site usage such as when the visitor last visited the site. This information is then used to improve the user experience on the website. This Siteimprove Analytics cookie contains a randomly generated ID used to recognize the browser when a visitor reads a page. The cookie contains no personal information and is used only for web analytics. It is also used to track the sequence of pages a visitor looks at during a visit to the site. This information can be used to reduce user journeys"""
_gid,"Analytics""","ID used to identify users for 24 hours after last activity"""
_gat_%5bobject%20object%5d,"Analytics""","Used to monitor number of Google Analytics server requests when using Google Tag Manager"""
_ga_csll4zek4l,"Analytics""","ID used to identify users"""
_ga,"Analytics""","ID used to identify users"""
_hjsessionuser_1395777,"Functional""","""Hotjar cookie that is set when a user first lands on a page with the Hotjar script. It is used to persist the Hotjar User ID"""
_hjsession_1395777,"Functional""","A cookie that holds the current session data. This ensues that subsequent requests within the session window will be attributed to the same Hotjar session."""
_gat_gtag_ua_107671946_1,"Analytics""","Used to monitor number of Google Analytics server requests when using Google Tag Manager"""
_ga_n47r32en4m,"Analytics""","ID used to identify users"""
_4c_,"Functionality""",""" _4c_ is used for the ForeSee customer survey and feedback functionality to record part of a user's visit to help improve the user experience"""
__cf_bm,"Functional""","Cloudflare's bot products identify and mitigate automated traffic to protect your site from bad bots. Cloudflare places the __cf_bm cookie on End User devices that access Customer sites that are protected by Bot Management or Bot Fight Mode. The __cf_bm cookie is necessary for the proper functioning of these bot solutions."""
optanonconsent,"Functional""","""This cookie is set by the cookie compliance solution from OneTrust. It stores information about the categories of cookies the site uses and whether visitors have given or withdrawn consent for the use of each category. This enables site owners to prevent cookies in each category from being set in the user’s browser"""
_biz_uid,"Analytics""","Uniquely identify a user on the current domain."""
_mkto_trk,"Marketing""","""This cookie is associated with an email marketing service provided by Marketo. This tracking cookie allows a website to link visitor behaviour to the recipient of an email marketing campaign"""
amcvs_8ad56f28618a50850a495fb6%40adobeorg,"Marketing""","The AMCVS cookie serves as a flag indicating that the session has been initialized. Its value is always 1 and discontinues when the session has ended."""
amcv_8ad56f28618a50850a495fb6%40adobeorg,"Marketing""","Adobe Experience Cloud uses a cookie to store a unique visitor ID that is used across Experience Cloud Solutions."""
audit_p,"Marketing""","Used to store the user's user intereset"""
khaos_p,"Marketing""","Used to store the user's consent status for the current domain."""
receive-cookie-deprecation,"Functional""","This cookie ensures browers in an experiment group of the Chrome-facilitated testing period include the Sec-Cookie-Deprecation request header as soon as it becomes available."""
_biz_na,"Analytics""","A sequence number that Marketo Measure includes for all requests for internal diagnostics purposes."""
_biz_flagsa,"Analytics""","""A cookie that stores various user information"""
_biz_pendinga,"Analytics""","Temporarily stores analytics data until successfully sent to Marketo Measure server."""
optanonalertboxclosed,"Functional""","""This cookie is set by the cookie compliance solution from OneTrust. It stores information about the categories of cookies the site uses and whether visitors have given or withdrawn consent for the use of each category. This enables site owners to prevent cookies in each category from being set in the users browser"""
csm-hit,"Performance""","""track user interactions"""
slireg,"Targeting/Advertising""","""is associated with Salesloft which is used for live website tracking to help identify and qualify leads"""
sliguid,"Targeting/Advertising""","is associated with Salesloft which is used for live website tracking to help identify and qualify leads"""
slirequested,"Targeting/Advertising""","is associated with Salesloft which is used for live website tracking to help identify and qualify leads"""
nid,"Marketing""","This cookies is used to collect website statistics and track conversion rates and Google ad personalisation"""
ogpc,"Marketing""","These cookies are used by Google to store user preferences and information while viewing Google mapped pages."""
aec,"Functional""","""AEC cookies ensure that requests within a browsing session are made by the user"""
msfpc,"Marketing""","""Identifies unique web browsers visiting Microsoft sites. These cookies are used for advertising"""
mbox,"Marketing""","Adobe Target uses cookies to give website operators the ability to test which online content and offers are more relevant to visitors."""
_cs_cvars,"Analytics""","This cookie is used to capture analytics on the web page"""
amcv_ea76ade95776d2ec7f000101%40adobeorg,"Marketing""","Adobe Experience Cloud uses a cookie to store a unique visitor ID that is used across Experience Cloud Solutions."""
_cs_id,"Analytics""","""Contains: user ID"""
_tt_enable_cookie,"Marketing""","Tracking cookie used by TikTok to identify a visitor"""
at_check,"Functional""","A simple test value used to determine if a visitor supports cookies. Set each time a visitor requests a page."""
ai_session,"Functional""","This is a unique anonymous session identifier cookie."""
amcvs_ea76ade95776d2ec7f000101%40adobeorg,"Marketing""","The AMCVS cookie serves as a flag indicating that the session has been initialized. Its value is always 1 and discontinues when the session has ended."""
_cs_s,"Analytics""","""Number of page views for the current session"""
microsoftapplicationstelemetrydeviceid,"Analytics""","Used to store a unique device ID for tracking behavior and usage of the website"""
ak_bmsc,"Functional""","""Cookie used to optimize performance"""
mc1,"Marketing""","""Identifies unique web browsers visiting Microsoft sites. These cookies are used for advertising"""
_ttp,"Marketing""","Tracking cookie used by TikTok to identify a visitor"""
muid,"Marketing""","""Identifies unique web browsers visiting Microsoft sites. These cookies are used for advertising"""
_clck,"Analytics""",""" This cookie is installed by Microsoft Clarity to store information of how visitors use a website and help in creating an analytics report of how the website is doing. The data collected including the number visitors"""
_clsk,"Analytics""","""This cookie is installed by Microsoft Clarity to store information of how visitors use a website and help in creating an analytics report of how the website is doing. The data collected including the number visitors"""
ms0,"Functional""","Identifies a specific session."""
_cs_c,"Analytics""","Consent state: digit between 0 and 3. Used for capturing analytics on web pages"""
bm_sv,"Functional""","Used by Akamai Botman Manager to help differentiate between web requests generated by humans and web requests generated by bots or other automated processes"""
_ym_d,"Analytics""","Saves the date of the user's first site session"""
vid,"Analytics""","ID associated with a visitor to a LinkedIn microsite which is used to determine conversions for lead gen purposes"""
s,"Marketing""","""Facebook browser identification"""
_ym_isad,"Analytics""","Determines whether a user has ad blockers"""
c,"Marketing""","""Records anonymous user data"""
_ym_uid,"Analytics""","Used for identifying site users"""
i,"Marketing""","""Registers user data"""
__cmpcpcs1,"Functional""","List of custom purpose IDs separated by underscore"""
__cmpcvcs1,"Functional""","List of custom vendor IDs separated by underscore specific to a single account in our platform"""
bh,"Analytics""","Collects data on user behaviour and interaction in order to optimize the website and make advertisement on the website more relevant."""
oid,"Functional""","Used to redirect a user to the correct Salesforce org and assist the user for the next login."""
wd,"Functional""","This cookie stores the browser window dimensions and is used by Facebook to optimise the rendering of the page."""
fr,"Marketing""","""Contains a unique browser and user ID"""
sb,"Marketing""","""Facebook browser identification"""
datr,"Marketing""","""Used to prevent creation of fake / spammy accounts. Datr cookie is associated with a browser"""
s_vi,"Analytics""","Contains a unique ID to identify a user"""
s_cc,"Analytics""","Used to determine if browser of user accepts cookies or not"""
s_fid,"Analytics""","Alternative cookie with unique user ID / timestamp when the s_vi cookie can not be set for technical reasons"""
pref,"Functional""","""This cookie stores your preferences and other information"""
visitor_privacy_metadata,"Marketing""","Youtube visitor privacy metadata cookie"""
visitor_info1_live,"Marketing""","Tries to estimate the users' bandwidth on pages with integrated YouTube videos. Also used for marketing"""
ysc,"Functional""","Registers a unique ID to keep statistics of what videos from YouTube the user has seen."""
gps,"Marketing""","Registers a unique ID on mobile devices to enable tracking based on geographical GPS location."""
_uetsid,"Marketing""","This cookie is used by Bing to determine what ads should be shown that may be relevant to the end user perusing the site."""
_ga_sqcrb0txzw,"Analytics""","ID used to identify users"""
_uetvid,"Marketing""","This is a cookie utilised by Microsoft Bing Ads and is a tracking cookie. It allows us to engage with a user that has previously visited our website."""
mid,"Functional""","This is a functionality cookie used to optimize the use of Instagram on the website"""
ig_did,"Marketing""","This is a targeting cookie used to track Instagram user visits."""
gt,"Marketing""","""Twitter uses these cookies to support plugin integration with our website. If you use the Tweet plugin and log into your X account"""
guest_id_marketing,"Marketing""","This cookie is for advertising when logged out"""
personalization_id,"Marketing""","""Unique value with which users can be identified by X. Collected information is used to be personalize X services"""
guest_id_ads,"Marketing""","This cookie is for advertising when logged out"""
guest_id,"Marketing""","This cookie is set by X to identify and track the website visitor. Registers if a users is signed in the X platform and collects information about ad preferences."""
amcvs_14215e3d5995c57c0a495c55%40adobeorg,"Marketing""","The AMCVS cookie serves as a flag indicating that the session has been initialized. Its value is always 1 and discontinues when the session has ended."""
lang,"Functional""","Used to remember a user's language setting"""
bscookie,"Marketing""","Used by LinkedIn to track the use of embedded services."""
aam_uuid,"Marketing""","Adobe Audience Manager - data management platform uses these cookies to assign a unique ID when users visit a website."""
usermatchhistory,"Marketing""","""These cookies are set by LinkedIn for advertising purposes"""
jsessionid,"Functional""","""JSESSIONID is a cookie generated by Servlet containers and used for session management in J2EE web applications for HTTP protocol. If a Web server is using a cookie for session management"""
li_sugr,"Marketing""","Used to make a probabilistic match of a user's identity outside the Designated Countries"""
analyticssynchistory,"Analytics""","Used to store information about the time a sync with the lms_analytics cookie took place for users in the Designated Countries"""
lidc,"Marketing""","""Used by the social networking service"""
amcv_14215e3d5995c57c0a495c55%40adobeorg,"Marketing""","Adobe Experience Cloud uses a cookie to store a unique visitor ID that is used across Experience Cloud Solutions."""
bcookie,"Marketing""","Used by LinkedIn to track the use of embedded services."""
rt,"Functional""","This cookie is used to identify the visitor through an application. This allows the visitor to login to a website through their LinkedIn application for example."""
wmf-last-access,"Analytics""","""This cookie is used by the Wikimedia Foundation. It is used to determine the last time a user visited a page"""
geoip,"Analytics""","This cookie is used to try and understand the user's geographical location (country) based on their IP address."""
_gat_ua-38676921-23,"Analytics""","Used to monitor number of Google Analytics server requests when using Google Tag Manager"""
_ga_177s7q8j6q,"Analytics""","ID used to identify users"""
_rwbf,"Marketing""","This cookie helps us to track the effectiveness of advertising campaigns on the Bing advertising network."""
_hpvn,"Marketing""","Analysis service that connects data from the Bing advertising network with actions performed on the website."""
srchhpgusr,"Marketing""","""Unique value that records info about consecutive ads - includes: total impressions"""
srchusr,"Marketing""","""Unique value that records info about consecutive ads - includes: total impressions"""
srchuid,"Marketing""","""Unique value that records info about consecutive ads - includes: total impressions"""
muidb,"Marketing""","""Identifies unique web browsers visiting Microsoft sites. These cookies are used for advertising"""
_ur,"Marketing""","This cookie is used by the Bing advertising network for advertising tracking purposes."""
srchd,"Marketing""","""Unique value that records info about consecutive ads - includes: total impressions"""
_octo,"Analytics""","""This cookie is used for session management including caching of dynamic content"""
tz,"Functional""","This cookie allows us to customize timestamps to your time zone."""
_gh_sess,"Functional""","""_gh_sess	This cookie is used for temporary application and framework state between pages like what step the user is on in a multiple step form."""
_ga_cg6gj50g8j,"Analytics""","ID used to identify users"""
_ga_etdrc9qj6s,"Analytics""","ID used to identify users"""
wa_ul,"Functional""","Used to access the service it provides."""
wa_lang_pref,"Functional""","Used by WhatsApp to save language preferences"""
sessionfunneleventlogged,"Marketing""","A generic technical cookie used for storing user session identifier in web applications"""
_routing_id,"Marketing""","Allows users to share pictures via Pinterest / the Pin It button. Pinterest can collect statistical information about usage of their service."""
_pinterest_sess,"Functional""","""session cookie (expires after your session) which collects anonymous data about a user's visit to the website"""
eloqua,"Analytics""","This cookies allow better understand how visitors use the website. This cookie data may be used to personalise the content or design of the website"""
_hjsession_488217,"Functional""","A cookie that holds the current session data. This ensues that subsequent requests within the session window will be attributed to the same Hotjar session."""
_hjsessionuser_488217,"Functional""","""Hotjar cookie that is set when a user first lands on a page with the Hotjar script. It is used to persist the Hotjar User ID"""
visid_incap_3147896,"Functional""","""This cookie is from the incapsula CDN and helps us with reliability"""
_rdt_uuid,"Marketing""","This cookie is set by Reddit and is used for remarketing on reddit.com."""
liveagent_sid,"Functional""","Identifies a Live Agent session. Stores a unique pseudonymous ID for a specific browser session over chat service."""
s_tp,"Analytics""","This lets us know how much of the page you viewed."""
nlbi_1323850,"Functional""","Incapsula DDoS Protection and Web Application Firewall: Load balancing cookie. To ensure requests by a client are sent to the same origin server."""
incap_ses_1829_3147896,"Functional""","This cookie is set to allow a visitor to receive site content from one out of multiple servers as the visitor browses the site. This allows the visitor's session to be maintained."""
_gat_gtag_ua_8640690_1,"Analytics""","Used to monitor number of Google Analytics server requests when using Google Tag Manager"""
_ga_q35g17lvrx,"Analytics""","ID used to identify users"""
visid_incap_1323850,"Functional""","""This cookie is from the incapsula CDN and helps us with reliability"""
amcv_9a343704532966210a490d44%40adobeorg,"Marketing""","Adobe Experience Cloud uses a cookie to store a unique visitor ID that is used across Experience Cloud Solutions."""
amcvs_9a343704532966210a490d44%40adobeorg,"Marketing""","The AMCVS cookie serves as a flag indicating that the session has been initialized. Its value is always 1 and discontinues when the session has ended."""
private_content_version,"Functional""","""Appends a random"""
s_ppv,"Analytics""","Stores information on the percentage of the page displayed"""
nlbi_1323850_2147483392,"Functional""","Incapsula DDoS Protection and Web Application Firewall: Load balancing cookie. To ensure requests by a client are sent to the same origin server."""
incap_ses_443_1323850,"Functional""","This cookie is set to allow a visitor to receive site content from one out of multiple servers as the visitor browses the site. This allows the visitor's session to be maintained."""
tbla_id,"Marketing""","""This cookie is used to collect information on a visitor. This information will become an ID string with information on a specific visitor – ID information strings can be used to target groups with similar preferences"""
awsalb,"Functional""","These cookies enable us to allocate server traffic to make the user experience as smooth as possible. A so-called load balancer is used to determine which server currently has the best availability. The information generated cannot identify you as an individual."""
awsalbtgcors,"Functional""","""For continued stickiness support with CORS use cases after the Chromium update"""
awsalbtg,"Functional""","""For continued stickiness support with CORS use cases after the Chromium update"""
gpp,"Functional""","""A valid IAB Global Privacy Platform consent string. If the string is missing"""
a1,"Marketing""","Ads targeting cookie for Yahoo"""
awsalbcors,"Functional""","""For continued stickiness support with CORS use cases after the Chromium update"""
axids,"Marketing""","""This cookie is used to collect information on a visitor. This information will become an ID string with information on a specific visitor – ID information strings can be used to target groups with similar preferences"""
a1s,"Marketing""","Ads targeting cookie for Yahoo"""
cmp,"Marketing""","""This cookie is used to collect information on a visitor. This information will become an ID string with information on a specific visitor – ID information strings can be used to target groups with similar preferences"""
a3,"Marketing""","Ads targeting cookie for Yahoo"""
_ga_h733y2bzes,"Analytics""","ID used to identify users"""
_ga_bmc5vgr8ys,"Analytics""","ID used to identify users"""
_ga_zwg1nshwd8,"Analytics""","ID used to identify users"""
_cs_mk_ga,"Analytics""","Ensures Google dimensions and eVars are set only once every 30 minutes. Stores the value of the csMatchingKey which is a random number plus timestamp in milliseconds."""
sp_landing,"Functional""","Required to ensure the functionality of the integrated Spotify plugin. This does not result in any cross-site functionality."""
_gat_ua-5784146-31,"Analytics""","Used to monitor number of Google Analytics server requests when using Google Tag Manager"""
sp_t,"Functional""","Required to ensure the functionality of the integrated Spotify plugin. This does not result in any cross-site functionality."""
_ga_k07zjqfysz,"Analytics""","ID used to identify users"""
__utmc,"Analytics""","Used only with old Urchin versions of Google Analytics and not with GA.js. Was used to distinguish between new sessions and visits at the end of a session."""
__utmb,"Analytics""","Used to distinguish new sessions and visits. This cookie is set when the GA.js javascript library is loaded and there is no existing __utmb cookie. The cookie is updated every time data is sent to the Google Analytics server."""
__utma,"Analytics""","ID used to identify users and sessions"""
__utmz,"Analytics""","Contains information about the traffic source or campaign that directed user to the website. The cookie is set when the GA.js javascript is loaded and updated when data is sent to the Google Anaytics server"""
sp,"Analytics""","Stores a server-side collector generated unique identifier for a user that is sent with all subsequent tracking event events. Can be used as a first party cookie is the collector is on the same domain as the site."""
wp-wpml_current_language,"Functional""","This cookie is used to track the language preference fo the user"""
mstoken,"Marketing""","Collects information on user behaviour on multiple websites. This information is used in order to optimize the relevance of advertisement on the website."""
ttwid,"Marketing""","""Used by the social networking service"""
_ga_1h4vg5f5jf,"Analytics""","ID used to identify users"""
_parsely_visitor,"Functional""","JSON document uniquely identifying a browser and counting its sessions"""
_parsely_session,"Functional""","JSON document storing information identifying a browsing session according to Parsely’s proprietary definition"""
usprivacy,"Functional""","ShareThis reads if the usprivacy cookie is present in the publisher domain."""
tk_qs,"Analytics""","JetPack sets this cookie to store a randomly-generated anonymous ID which is used only within the admin area and for general analytics tracking."""
_fbp,"Marketing""","Used by Facebook to deliver a series of advertisement products such as real time bidding from third party advertisers"""
tk_ai,"Functional""","""Stores a randomly-generated anonymous ID. This is only used within the dashboard (/wp-admin) area and is used for usage tracking"""
_yasc,"Analytics""","Collects data on the user across websites - This data is used to make advertisement more relevant."""
atuserid,"Analytics""","Visitor ID for client-side cookie sites"""
mboxedgecluster,"Strictly Necessary""","is associated with Adobe Target which is used to communicate the correct edge cluster to at"""
tmr_detect,"Targeting/Advertising""","is associated with Mail"""
tmr_lvid,"Performance""","is associated with MyTarget and Mail"""
driftplaybook,"Functionality""","is associated with DriftPlaybook which is used to predefine and alternate between Drift Chat playbooks"""
s_gpv,"Performance""","""is associated with Adobe Analytics which is used to maintain the value of any variable captured"""
liveagent_vc,"Functionality""","""is associated with technology from LiveAgent"""
liveagent_oref,"Functionality""","""is associated with technology from LiveAgent"""
liveagent_ptid,"Functionality""","""is associated with technology from LiveAgent"""
atauthority,"Functionality""","is associated with AT Internet which is used to keep the visitor privacy mode activated by the visitor"""
_ga_mq7767qqqw,"Analytics""","ID used to identify users"""
amp_mktg_0753e77572,"Analytics""","Registers statistical data on users' behaviour on the website. Used for internal analytics by the website operator."""
amp_0753e77572,"Analytics""","Registers statistical data on users' behaviour on the website. Used for internal analytics by the website operator."""
_hjsession_445451,"Functional""","A cookie that holds the current session data. This ensues that subsequent requests within the session window will be attributed to the same Hotjar session."""
_hjsessionuser_445451,"Functional""","""Hotjar cookie that is set when a user first lands on a page with the Hotjar script. It is used to persist the Hotjar User ID"""
_gat_ua-4118503-39,"Analytics""","Used to monitor number of Google Analytics server requests when using Google Tag Manager"""
_ga_t18e1gtpqg,"Analytics""","ID used to identify users"""
edgebucket,"Marketing""","Used by Reddit to deliver advertising"""
aka_a2,"Functional""","""Used for Akamai's Advanced Acceleration feature"""
amcv_48855c6655783a647f000101%40adobeorg,"Marketing""","Adobe Experience Cloud uses a cookie to store a unique visitor ID that is used across Experience Cloud Solutions."""
dtcookie,"Analytics""","""This cookie is used by RUM API"""
ajs_anonymous_id,"Analytics""","Used for Analytics and help count how many people visit a certain site by tracking if you have visited before"""
_ga_b0xheyg9rn,"Analytics""","ID used to identify users"""
amcv_969430f0543f253d0a4c98c6%40adobeorg,"Marketing""","Adobe Experience Cloud uses a cookie to store a unique visitor ID that is used across Experience Cloud Solutions."""
s_ecid,"Marketing""","This cookie is set by the customer's domain after the AMCV cookie is set by the client. The purpose of this cookie is to allow persistent ID tracking in the 1st-party state and is used as a reference ID if the AMCV cookie has expired."""
amcvs_969430f0543f253d0a4c98c6%40adobeorg,"Marketing""","The AMCVS cookie serves as a flag indicating that the session has been initialized. Its value is always 1 and discontinues when the session has ended."""
_pk_ses.c9513597-70e6-4b84-80c5-36f9dddf8c7c.9f33,"Analytics""","Short lived cookies used to temporarily store data for the visit"""
_pk_id.c9513597-70e6-4b84-80c5-36f9dddf8c7c.9f33,"Analytics""","Used to store a few details about the user such as the unique visitor ID"""
ts01dc4fc6,"Functional""","Used for security and anti-fraud reasons"""
amcv_347ae3bc558c64417f000101%40adobeorg,"Marketing""","Adobe Experience Cloud uses a cookie to store a unique visitor ID that is used across Experience Cloud Solutions."""
amcvs_347ae3bc558c64417f000101%40adobeorg,"Marketing""","The AMCVS cookie serves as a flag indicating that the session has been initialized. Its value is always 1 and discontinues when the session has ended."""
_ga_89ey6snb5y,"Analytics""","ID used to identify users"""
amcv_b2aaf3c959275c660a495e7b%40adobeorg,"Marketing""","Adobe Experience Cloud uses a cookie to store a unique visitor ID that is used across Experience Cloud Solutions."""
locale,"Marketing""","This cookie contains the display locale of the last logged in user on this browser. This cookie appears to only be set after the user logs out. The locale cookie has a lifetime of one week."""
amcvs_b2aaf3c959275c660a495e7b%40adobeorg,"Marketing""","The AMCVS cookie serves as a flag indicating that the session has been initialized. Its value is always 1 and discontinues when the session has ended."""
t,"Functional""","Used to avoid duplicate access checks."""
_gat_ua-89056735-1,"Analytics""","Used to monitor number of Google Analytics server requests when using Google Tag Manager"""
_ga_jcew5spnpe,"Analytics""","ID used to identify users"""
_gat_gtag_ua_52447_14,"Analytics""","Used to monitor number of Google Analytics server requests when using Google Tag Manager"""
_ga_zk2e2b4fhh,"Analytics""","ID used to identify users"""
consentuuid,"Functional""","This cookie is used as a unique identification for the users who has accepted the cookie consent box."""
.aspxanonymous,"Functional""","Created by ASP.Net. This cookie configures anonymous identification for application authorization. This is required to identify entities that are not authenticated when authorization is required."""
asp.net_sessionid,"Functional""","ASP.Net_SessionId is a cookie which is used to identify the users session on the server. The session being an area on the server which can be used to store session state in between http requests."""
_gat_unifi,"Analytics""","Used to monitor number of Google Analytics server requests when using Google Tag Manager"""
_ga_fvkcj3f84j,"Analytics""","ID used to identify users"""
_hjsession_2411088,"Functional""","A cookie that holds the current session data. This ensues that subsequent requests within the session window will be attributed to the same Hotjar session."""
_hjsessionuser_2411088,"Functional""","""Hotjar cookie that is set when a user first lands on a page with the Hotjar script. It is used to persist the Hotjar User ID"""
_ga_v01x6f3x1p,"Analytics""","ID used to identify users"""
_ga_m7bz346gn7,"Analytics""","ID used to identify users"""
_ga_tn8xytfey2,"Analytics""","ID used to identify users"""
_gat_gtag_ua_213608374_11,"Analytics""","Used to monitor number of Google Analytics server requests when using Google Tag Manager"""
__gpi,"Marketing""","Collects information on user behaviour on multiple websites. This information is used in order to optimize the relevance of advertisement on the website."""
__gads,"Marketing""","""This cookie is used by Google for a variety of purposes (e.g."""
__eoi,"Security""","""This cookie is used for security authenticate users"""
_chartbeat2,"Analytics""","Cookie is used to register if a person has visited the domain before (to calculate new vs returning users)."""
ts,"Functional""","This cookie is generally provided by PayPal and supports payment services on the website"""
x-pp-s,"Functional""","This cookie is provided by PayPal and supports payment services in the website."""
nsid,"Functional""","Cookie for fraud detection. When making a payment via PayPal these cookies are issued – PayPal session/security"""
ts_c,"Functional""","This cookie is provided by Paypal. The cookie is used in context with transactions on the website."""
tsrce,"Functional""","This cookie is generally provided by PayPal and supports payment services on the website."""
l7_az,"Functional""","This cookie is necessary for the PayPal login-function on the website."""
enforce_policy,"Functional""","This cookie is provided by Paypal. The cookie is used in context with transactions on the website - The cookie is necessary for secure transactions."""
_ga_heq0yf2vyl,"Analytics""","ID used to identify users"""
_vis_opt_test_cookie,"Functional""","This is a temporary session cookie generated to detect if the cookies are enabled on the user browser or not."""
_vis_opt_s,"Functional""","This cookie detects if you are new or returning to a particular test."""
_vwo_sn,"Analytics""","""Collects statistics on the visitor's visits to the website"""
_vwo_ds,"Analytics""","""Collects data on the user's visits to the website"""
_vwo_uuid,"Functional""","Used to track visitor movements anonymously."""
_vis_opt_exp_107_combi,"Functional""","This cookie is generated when a goal is created."""
_vwo_uuid_v2,"Functional""","Used to track visitor movements anonymously."""
_sp_id.df80,"Analytics""","""Stores user information that is created when a user first visits a site and updated on subsequent visits. It is used to identify users and track the users activity across a domain. This cookie stores a unique identifier for each user"""
_sp_ses.df80,"Analytics""","Used to identify if the user is in an active session on a site or if this is a new session for a user (i.e. cookie doesn’t exist or has expired)."""
cid,"Marketing""","Unique value to be able to identify cookies from users (same as uid)"""
_ga_rkjzvpmge6,"Analytics""","ID used to identify users"""
cf_clearance,"Functional""","Whether a CAPTCHA or Javascript challenge has been solved."""
_cfuvid,"Functional""","""The _cfuvid cookie is only set when a site uses this option in a Rate Limiting Rule"""
_ga_7jy7t788pk,"Analytics""","ID used to identify users"""
uid,"Marketing""","Contains a unique ID to identify a user"""
_sp_ses.f5fb,"Analytics""","Used to identify if the user is in an active session on a site or if this is a new session for a user (i.e. cookie doesn’t exist or has expired)."""
panoramaid,"Marketing""","Registers data on visitors from multiple visits and on multiple websites. This information is used to measure the efficiency of advertisement on websites."""
_cc_id,"Marketing""","""Collects anonymous statistical data related to the user's website visits"""
_sp_id.f5fb,"Analytics""","""Stores user information that is created when a user first visits a site and updated on subsequent visits. It is used to identify users and track the users activity across a domain. This cookie stores a unique identifier for each user"""
dicbo_id,"Marketing""","Collects statistics concerning the visitors' use of the website and its general functionality. This is used to optimize and compile reports on the website for comparison through a third party analysis service."""
amcvs_7ff852e2556756057f000101%40adobeorg,"Marketing""","The AMCVS cookie serves as a flag indicating that the session has been initialized. Its value is always 1 and discontinues when the session has ended."""
panoramaid_expiry,"Marketing""","Registers data on visitors from multiple visits and on multiple websites. This information is used to measure the efficiency of advertisement on websites."""
amcv_7ff852e2556756057f000101%40adobeorg,"Marketing""","Adobe Experience Cloud uses a cookie to store a unique visitor ID that is used across Experience Cloud Solutions."""
optimizelyenduserid,"Marketing""","Stores a visitor's unique Optimizely identifier. It's a combination of a timestamp and random number. No other information about you or your visitors is stored inside."""
qsi_historysession,"Analytics""","""Used in lieu of the “Site History” cookie"""
ki_r,"Analytics""","Shopify analytics."""
_li_ss,"Marketing""","""Sets a unique ID for the visitor"""
ki_t,"Analytics""","Shopify analytics."""
__qca,"Marketing""","""This cookie is set by Quantcast"""
_ga_dld85vj5qy,"Analytics""","ID used to identify users"""
bcsessionid,"Marketing""","Unique identifier for the BlueConic profile."""
_ga_xejkgkmhbk,"Analytics""","ID used to identify users"""
muc_ads,"Marketing""","""These cookies are placed when you come to our website via X. A cookie from X is also placed on our website"""
permutive-id,"Functional""","""This ID is the same within a domain (not publisher-specific). The Permutive ID exists in all environments"""
st_uid,"Marketing""","This cookie is used to store randomly generated unique browser identifier"""
_ga_q149dfwht7,"Analytics""","ID used to identify users"""
__cfruid,"Functional""","""Used by the content network"""
_gat_ua-5686560-5,"Analytics""","Used to monitor number of Google Analytics server requests when using Google Tag Manager"""
_ga_b3nbhzeje6,"Analytics""","ID used to identify users"""
fpid,"Analytics""","Registers statistical data on users' behaviour on the website. Used for internal analytics by the website operator."""
_ga_nsvbrc7s52,"Analytics""","ID used to identify users"""
cookieconsent,"Functional""","Stores the user's cookie consent state for the current domain"""
fplc,"Analytics""","""This FPLC cookie is the cross-domain linker cookie hashed from the FPID cookie. It’s not HttpOnly"""
yandexuid,"Analytics""","Registers data on visitors' website-behaviour. This is used for internal analysis and website optimization."""
amcv_9e1005a551ed61ca0a490d45%40adobeorg,"Marketing""","Adobe Experience Cloud uses a cookie to store a unique visitor ID that is used across Experience Cloud Solutions."""
amcvs_9e1005a551ed61ca0a490d45%40adobeorg,"Marketing""","The AMCVS cookie serves as a flag indicating that the session has been initialized. Its value is always 1 and discontinues when the session has ended."""
__hssc,"Marketing""","This cookie keeps track of sessions."""
hubspotutk,"Marketing""","This cookie keeps track of a visitor's identity. It is passed to HubSpot on form submission and used when deduplicating contacts."""
intercom-id-mibinkci,"Analytics""","Anonymous visitor identifier cookie. As people visit your site they get this cookie."""
__hssrc,"Marketing""","""Whenever HubSpot changes the session cookie"""
_hjsessionuser_437790,"Functional""","""Hotjar cookie that is set when a user first lands on a page with the Hotjar script. It is used to persist the Hotjar User ID"""
__hstc,"Marketing""","The main cookie for tracking visitors."""
intercom-device-id-mibinkci,"Analytics""","""Identifier for each unique device that interacts with the Messenger. It is refreshed on each successful ping"""
_hjsession_437790,"Functional""","A cookie that holds the current session data. This ensues that subsequent requests within the session window will be attributed to the same Hotjar session."""
_vis_opt_exp_229_combi,"Functional""","This cookie is generated when a goal is created."""
__cmpccpausps,"Functional""","Consent information in IAB USP CCPA Format."""
intercom-session-mibinkci,"Analytics""","""Identifier for each unique browser session. This session cookie is refreshed on each successful logged-in ping"""
__cmpconsentx108458,"Functional""","Consent String of the IAB CMP Framework (TCF) v2 specific to a single account in our platform."""
_ga_erhennm7dm,"Analytics""","ID used to identify users"""
__cmpcccx108458,"Functional""","Consent information in custom consent format"""
_pin_unauth,"Marketing""","Registers a unique ID that identifies and recognizes the user. Is used for targeted advertising."""
_scid_r,"Marketing""","""Sets a unique ID for the visitor"""
_scid,"Marketing""","Used to help identify a visitor."""
amp_f93443b04c,"Analytics""","Registers statistical data on users' behaviour on the website. Used for internal analytics by the website operator."""
amp_mktg_f93443b04c,"Analytics""","Registers statistical data on users' behaviour on the website. Used for internal analytics by the website operator."""
otz,"Marketing""","Aggregate analysis of website visitors"""
__host-gaps,"Functional""","Used to sign in with Google account."""
_dc_gtm_ua-18073-34,"Analytics""","Used to monitor number of Google Analytics server requestss"""
__attentive_ss_referrer,"Performance""","__attentive_ss_referrer is used to track where the user came from and is primarily used for sign-up unit display logic and for configurable fatigue rules based on browser referrer"""
dw_dnt,"Strictly Necessary""","This cookies checks whether a browser accepts first party cookies. This cookie is also used to determine when a session should not be tracked."""
__cq_dnt,"Functionality""","""Indicates that the browser has opted out of CC Einstein tracking for this site. Commerce Cloud sets it with each page response based on the value of the corresponding session attribute TrackingAllowed. The value of this cookie always matches that of the Storefront dw_dnt* cookie.  source code group ID (encoded)	 currency mnemonic	 and time zone."""
user_status,"userXXXXXXXXXXXXXXXXX""","Used to track usage of the embedded video player."""
dwanonymous_9907d2546eceb63cb02962956d9dce38,"dwanonymous_xxxxxxxx""","This is a pattern type cookie associated with the Demandware eCommerce platform. Its stated purpose is anonymised user tracking  therefore it is presumed involved in targeting or personalisation in some way"""
dwsid,"Strictly Necessary""","System session management cookie associated with the Demandware eCommerce platform."""
sid,"Strictly Necessary""","This is a very common cookie name but where it is found as a session cookie it is likely to be used as for session state management."""
og_session_id,"Strictly Necessary""","The og_session_id cookie is used to uniquely identify the customer for subscription cart tracking and to track a hidden subscription cart as the customer moves through the checkout process. It is also required to enable A/B testing."""
acer_cdn_uc,"ucxxxxxxxxxx""","Try entering a different search term or return to the homepage."""
bm_sz,"Performance""","This cookie is used by Akamai to optimize site performance and security. It is typically associated with the delivery of web content and services."""
sa-user-id-v3,"Targeting/Advertising""","This cookie is likely used to track user identity by assigning a unique user ID when the user engages with the website. It is commonly used for analytics and personalization of content."""
sa-user-id-v2,"Performance""","This cookie is used to identify the user's session on the website and is often associated with analytics or personalization."""
sa-user-id,"Functionality""","This cookie is typically associated with SnackTools  which is a suite of web applications for creating and sharing multimedia content. It is used to identify a user across sessions and track user activities."""
__pdst,"Performance""","Podsights cookie used to track Hubspots podcast advertising results."""
utag_main,"Strictly Necessary""","is associated with the Tealium data platform and is used to enforce consent preferences across 3rd party tags"""
optoutmulti,"Functionality""","OPTOUTMULTI is used to save the privacy settings for a visitor for the next time they visit your site"""
kampyleusersession,"Functionality""","This cookie is commonly associated with customer survey and feedback functionality on a website  using software from Kampyle Ltd"""
kampyle_userid,"Functionality""","This cookie is commonly associated with customer survey and feedback functionality on a website  using software from Kampyle Ltd."""
kampyleusersessionscount,"Functionality""","This cookie is commonly associated with customer survey and feedback functionality on a website  using software from Kampyle Ltd"""
kampylesessionpagecounter,"Functionality""","This cookie is commonly associated with customer survey and feedback functionality on a website  using software from Kampyle Ltd"""
_sctr,"Targeting/Advertising""","is associated with Snap which is used to determine whether a third party tag will be called in Snap Ads Pixel and stores information about the categories of cookies the site uses and whether visitors have given or withdrawn consent for the use of each category"""
__exponea_time2__,"Functionality""","is used by Bloomreach to provide timezone functionality"""
__exponea_etc__,"Targeting/Advertising""","is associated with Bloomreach Engagement which is used to store a unique user ID for marketing purposes and to determine which products the visitor has viewed to promote related products and optimize ad-efficiency"""
quantummetricuserid,"Performance""","is associated with Quantum Metric which is used to understand and improve how you use our site"""
__idcontext,"Performance""","Used for device identification"""
tltuid,"Performance""","is associated with the Tealeaf Customer Experience product from IBM"""
brand,"Functionality""","is used to remember which type of flour was used in the cookie-making process to avoid making two whole batches and to differentiate the resulting cookies during the evaluation"""
user_profile_id,"userXXXXXXXXXXXXXXXXX""","Used to track usage of the embedded video player."""
_br_uid_2,"Functionality""","This cookie is used to enable user to share pages through third party social networking websites."""
quantummetricsessionid,"Performance""","is associated with Quantum Metric which is used to understand and improve how users use the site"""
cjconsent,"Strictly Necessary""","is used to store the user's cookie consent state for the current domain"""
kampyleuserpercentile,"Performance""","""is associated with Medallia which is used to collect statistics on the user's visits to the website  such as the number of visits	 average time spent on the website and what pages have been read"""
be_cla3,"Performance""","""BE_CLA3 is associated with BrightEdge which is used to enable data aggregation  analysis	 and report creation to assess marketing effectiveness and website performance"""
sessionid,"Strictly Necessary""","This is a very generic cookie name that may have different purposes on different sites  but generally it will be some kind of anonymous session identifier.  but generally it will be some kind of anonymous session identifier."""
aetadnuc,"ucxxxxxxxxxx""","Try entering a different search term or return to the homepage."""
reese84,"Targeting/Advertising""","This cookie is typically associated with the ad tech company MediaMath. It is used for tracking user actions and targeting advertising based on user behavior."""
onsite_session_tab_666613027360,"ONSITE_SESSION_TAB_XXXXXXXXXX""","Try entering a different search term or return to the homepage."""
onsite_session_tab_631854915289,"ONSITE_SESSION_TAB_XXXXXXXXXX""","Try entering a different search term or return to the homepage."""
driftt_aid,"Targeting/Advertising""","This is the anonymous identifier token. It is used to tie the visitor on your website with the profile within the Drift system. This allows Drift to remember the information that this site visitor has provided through the chat on subsequent site visits."""
_an_uid,"Performance""","This cookie is likely used for analytics purposes to track user behavior and site usage  which may include unique user identification for tracking."""
_gd_session,"_gd#############""","This cookie contains no identifying information and is used for diagnostic purposes by Impact Radius"""
_gd_visitor,"_gd#############""","This cookie contains no identifying information and is used for diagnostic purposes by Impact Radius  a service we use to track signup commissions for our affiliate program. We have categorized it under Functionality because it is necessary for the operation of our affiliate program."""
seerid,"Targeting/Advertising""","This cookie is typically associated with Quantcast  a digital advertising company. It is used for collecting anonymized data to analyze log data from different websites to create reports that enables the website owners and advertisers provide ads for the appropriate audience segments."""
seerses,"Targeting/Advertising""","is associated with Lytics which is used for identifying user"""
drift_aid,"Targeting/Advertising""","This is the anonymous identifier token. It is used to tie the visitor on your website with the profile within the Drift system. This allows Drift to remember the information that this site visitor has provided through the chat on subsequent site visits."""
coveo_visitorid,"Performance""","is associated with Coveo which is used to store a unique user ID for marketing purposes and to track the number of distinct users who submitted a query or clicked an item  counting them only once even if they did the same query or clicked the same item over the course of many visits"""
s_ips,"Performance""","This cookie is associated with Adobe Analytics. The cookie is used for measuring a visitor’s scroll activity to see how much of a page they view before moving on to another page."""
s_pltp,"Performance""","This cookie is typically associated with Adobe Analytics (formerly SiteCatalyst). It is used to identify the previous link clicked within the site  which helps in analyzing site usage patterns."""
drift_campaign_refresh,"Targeting/Advertising""","This is the session identifier token. It is used to tie the visitor on your website with a current website session within the Drift system. This is enables session-specific features  such as popping up a messaging only once during a 30 minute session as to prevent a disruptive experience."""
language,"Functionality""","""There are many different types of cookies associated with this name  and a more detailed look at how it is used on a particular website is generally recommended. However	 in most cases it will likely be used to store language preferences"""
s_plt,"Performance""","This cookie is used to measure the time taken for pages to load  allowing website owners to identify slow loading pages and improve user experience."""
s_nr30,"Performance""","Adobe Analytics site tracking."""
gpv_url,"Performance""","This cookie gpv_url is associated with Adobe Analytics which is used to store the quantity of page URLs a user views when visiting a website and identifies the URL of the previous page."""
s_ivc,"Performance""","This cookie is associated with Adobe Analytics site tracking."""
s_vnc365,"Performance""","This cookie is associated with Adobe Analytics and is used to track website behaviour."""
gpv_page,"Performance""","is used to store the value of the previous page visited by the user for analytics purposes"""
_dd_s,"Performance""","""Datadog Cookie used to group all events generated from a unique user session across multiple pages. It contains the current session ID  whether the session is excluded due to sampling	 and the expiration date of the session. The cookie is extended for an extra 15 minutes every time the user interacts with the website"""
s_sess,"Performance""","Adobe Site Catalyst cookie."""
s_pers,"Performance""","Adobe Site Catalyst cookie."""
pmuser_country,"Functionality""","This cookie saves user's country and is used to prefill form inputs."""
pxcts,"Strictly Necessary""","""is used to maintain a cross tab session  detect fraud and bot activity	 and distinguish between humans and bots  detect fraud and bot activity	 and distinguish between humans and bots"""
spotim_visitid,"Functionality""","is used to identify a visitor's session"""
_awl,"Targeting/Advertising""","This cookie _awl is used to collect data on user preferences and behavior on the website to make content and advertisements more relevant to the user."""
_pxvid,"Strictly Necessary""","This cookie is related to the security services provided by PerimeterX to protect websites from malicious activity."""
_px2,"Strictly Necessary""","is used to maintain a session with HUMAN"""
da_intstate,"Performance""","is used to monitor and review user journeys on the site/platform  providing insights on how to improve the on-site experiencem  providing insights on how to improve the on-site experience"""
da_lid,"Functionality""","da_lid' is used to contain the unique ID of the visitor and to remember choices the user makes  providing enhanced and more personal features  providing enhanced and more personal features"""
da_sid,"Performance""","""is used to collect information about how people use the website  to ensure the website is meeting user needs	 and to help understand what could be improved"""
visitorid,"Performance""","is associated with Adobe Analytics which is used to identify visitors on your site with a custom unique identifier"""
cto_bundle,"Targeting/Advertising""","This cookie is associated with Criteo's advertising platform. It tracks user activity and ad engagement to provide targeted advertising."""
eupubconsent-v2,"Targeting/Advertising""","is used to store IAB TCF v2 preferences and consent strings for vendors registered with the IAB framework  and is also associated with remarketing purposes"""
lpvid,"Functionality""","is associated with software from LIvePerson  which enables website owners to add online chat funcitonality to communicate directly with visitors"""
context,"Functionality""","This cookie is used to store and/or access device information and process data such as browsing behavior or unique IDs on this site. It is also used to remember the previously visited landing page to alter node templates based on that information."""
_pxhd,"Strictly Necessary""","""is used to provide protection against hackers  for server-side detection and distinguishing whether it is a real user or malicious bot	 and to enhance customer data"""
_li_dcdm_c,"Targeting/Advertising""","This cookie is used by LinkedIn for targeting and advertising purposes  to deliver relevant ads to the user and to track the effectiveness of ad campaigns."""
_lc2_fpi,"Targeting/Advertising""","""is associated with LiveIntent which is used to enable targeted advertising by storing a random  unique	 device identifier as a 1st party cookie"""
csrf-token,"Strictly Necessary""","is used to prevent cross-site request forgery (CSRF) attacks by ensuring that each request sent to the server is from the authenticated user"""
lpsid-15746684,"LPSID-nnnnnnnn""","This is a pattern type cookie associated with software from LivePerson which enables online chat functionality with site visitors. This cookie appears to be a unique session identifier."""
rmstore,"Targeting/Advertising""","The rmStore cookie is associated with Rakuten Advertising and is used to hold configuration for conversion code and store affiliate and search click IDs on the client domain."""
dwanonymous_4b223e5821b70d248aeba587a188686c,"dwanonymous_xxxxxxxx""","This is a pattern type cookie associated with the Demandware eCommerce platform. Its stated purpose is anonymised user tracking  therefore it is presumed involved in targeting or personalisation in some way"""
asos-ts121,"Strictly Necessary""","Browser session key  used to enable unique sessions to be stored in access tokens for security purposes."""
currency,"Functionality""","This cookie is used to remember a user's choice of currency on an e-commerce website."""
asos,"Targeting/Advertising""","Stores a variety of information about the customer"""
geocountry,"Targeting/Advertising""","Stores the geographical location of browsers and targets ads.  used for multiple purposes"""
s_vnum,"Performance""","Adobe Site catalyst cookie"""
ipe_s,"Functionality""","This cookie is associated with Iperception 'intent recognition' software which enables customer experience to be altered dynamically based on perceived intent."""
s_invisit,"Performance""","Adobe Site Catalyst cookie"""
s_dfa,"Performance""","is associated with the analytics service provided by Adobe's Site Catalyst product suite  track number of visits by a unique visitor"""
bm_mi,"Strictly Necessary""","This cookie is associated with Akamai. It is used to analyse traffic to determine if it is automated traffic generated by bots or a human user."""
lux_uid,"Performance""","This cookie is used by the website analytics service 'LUX' provided by SpeedCurve to track user interactions and performance metrics on the website."""
fs_uid,"Performance""","This cookie is associated with FullStory"""
_aeaid,"Strictly Necessary""","is associated with AudioEye which is used to make content more accessible and usable for a wider audience by functioning of the accessibility feature"""
s_nr,"Performance""","Adobe Site Catalyst cookie"""
__trpar,"__t-xxxxxxxxxxxx""","Try entering a different search term or return to the homepage."""
__trsrc,"__t-xxxxxxxxxxxx""","Try entering a different search term or return to the homepage."""
s_tbm,"Performance""","is associated with Adobe Analytics which is used to identify the marketing channel through which the user accessed the page"""
site24x7rumid,"Performance""","is used to identify unique users and sessions for site performance monitoring"""
country,"Strictly Necessary""","The 'country' cookie is used to provide functions across webpages"""
addshoppers.com,"Functionality""","This cookie is associated with the addshoppers service which is used to allow users the possibility of sharing content on their social networks."""
shopper-pref,"Functionality""","is used to save the visitor's currency preferences and user preferences"""
store_visitor,"Functionality""","is used to set an ID for the user"""
shop_session_token,"Functionality""","This cookie is used by online shops to record whether users have placed items in their shopping cart."""
soundestid,"Functionality""","is used by Omnisend to identify an anonymous contact and to identify which form was filled"""
omnisendsessionid,"Performance""","is associated with Omnisend which is used to identify a session of an anonymous contact or a contact"""
fornax_anonymousid,"Performance""","The 'fornax_anonymousId' cookie is provided by BigCommerce for analytical purposes concerning Site visitors and registers statistical data on users' behavior on the website. It is used for internal analytics by the website operator."""
afuserid,"Performance""","is used by AppsFlyer to identify a user in the context of app launch and navigation events"""
countrycode,"Functionality""","This cookie is used to determine the preferred country setting selected by the visitor"""
cart,"Strictly Necessary""","This cookie is generally provided by Shopify and is used in connection with a shopping cart."""
secure_customer_sig,"Strictly Necessary""","This cookie is generally provided by Shopify and is used in connection with a customer login."""
usi_coupon_user,"userXXXXXXXXXXXXXXXXX""","Used to track usage of the embedded video player."""
tid,"Targeting/Advertising""","is associated with Insight Express which is used for Market Research"""
geo,"Functionality""","This cookie named 'geo' is used to identify where in the world users are accessing the site from"""
cto_bidid,"Targeting/Advertising""","This cookie is typically written to the browser upon the first visit to the site from that web browser. If the cookie has been deleted by the browser operator"""
pbjs_li_nonid,"Targeting/Advertising""","is associated with user ID storage which is used to store the resolved user ID"""
pbjs-unifiedid,"Targeting/Advertising""","This cookie is set by PubMatic  and for the correct functioning of the website."""
_pubcid,"Targeting/Advertising""","This cookie is used to track and identify a browser's unique session and is often used for purposes of targeted advertising."""
_lr_retry_request,"Performance""","is associated with pub"""
_lr_geo_location,"Functionality""","The _lr_geo_location cookie is used to determine the location (country) and state (within a country) of a call."""
lotame_domain_check,"Targeting/Advertising""","is associated with Lotame which is used to identify the visitor upon re-entry to the website"""
_lr_env_src_ats,"Targeting/Advertising""","is associated with LiveRamp and pub"""
routeid,"Strictly Necessary""","This cookie is typically used for load balancing to ensure that visitor page requests are routed to the same server in any browsing session."""
nol_fpid,"Performance""","is associated with The Nielsen Company which is used to measure viewer-rating on video-content on the site"""
_cb_svref,"Functionality""","This is a Microsoft MSN 1st party cookie used to measure the use of the website for internal analytics."""
_t_tests,"Functionality""","is associated with Chartbeat which is used primarily to ensure that a visitor to your website sees a consistent headline across multiple pageviews when a headline testing system is implemented"""
_cb,"Functionality""","This is a Microsoft MSN 1st party cookie used to measure the use of the website for internal analytics."""
_nr,"Functionality""","is associated with Adobe Inc  an advertising technology company. It stores a unique ID to identify a returning user's device which then is used for targeted advertising."""
_dcf,"Not Found""","is used to collect aggregated and anonymous data on site usage to improve website performance"""
swid,"Not Found""","is used to authenticate users in private fantasy sports leagues and remember user preferences and settings for site navigation"""
region,"Not Found""","This 'region' cookie is used to remember the user's selected region to provide region-specific content and services on the website."""
_bts,"Targeting/Advertising""","_bts is used as a unique identifier for marketing purposes"""
__attentive_id,"Performance""","is associated with Attentive which is used to attribute onsite events to the visitor and to govern display rules for Attentive sign-up units"""
_bti,"Targeting/Advertising""",""""
cquid,"Performance""","is associated with Predictive Intelligence activity tracking software used on sites built on the Demandware ecommerce platform"""
__cq_seg,"Functionality""","is associated with B2C Commerce which is used to contain inferred shopping propensity attributes and other segment attributes used in predictive sort"""
__cq_uuid,"Performance""",nan
dwac_5fb6b469fc6e3ff4afbe1d5d4b,"Stores the following data for analytics purposes: Session ID� report suite name shopper’s customer ID""",nan
__attentive_pv,Performance,is used to track the number of page views in a visitor's session and is primarily used for sign-up unit display logic and configurable fatigue rules based on page view count
fccdcf,Functionality,nan
phpsessid,Strictly Necessary,nan
fcnec,Targeting/Advertising,is associated with Facebook and Google services which is used to enable social media features on our website such as sharing content on Facebook and is set by YouTube and Google Maps when you view embedded videos or maps on our website
xsrf-token,Strictly Necessary,
cjuser,userXXXXXXXXXXXXXXXXX,
ts011605d9,Strictly Necessary,
applicationgatewayaffinitycors,Strictly Necessary,
applicationgatewayaffinity,Strictly Necessary,
onetrustwpccpagoogleoptout,Strictly Necessary,is associated with the otCCPAiab
fpau,Targeting/Advertising,FPAU is associated with Google which is used to collect information about the users and their activity on the website through embedded elements with the purpose of analytics and reporting
notice_preferences,Strictly Necessary,is used to store the selection a visitor has made on the TrustArc cookie consent management pop-up manage the display of the pop-up and save the chosen settings
amp_7c0056fb78,amp_,
amp_mktg_7c0056fb78,amp_,
request_id,request_xxxxxxxxxxxxxxxxx,
_cs_mk,_cs_nnnnnnnnnnnnn,
affinity,Strictly Necessary,
s_ppn,Performance,is associated with Adobe/Omniture which is used to record the last link clicked on by the user percentage of pages viewed on the previous page and other browser plugin information
consentmgr,Strictly Necessary,
route,Performance,
sessionkey,Strictly Necessary,
dwac_9ee438189766351c6e7b0ff2b6,dwac_XXXXX,
abtastysession,Performance,
abtasty,Performance,
dwanonymous_efe02c3d69a8c3d3f15df3b9a05e644e,dwanonymous_xxxxxxxx,
tracker_device,Strictly Necessary,is associated with Affirm a 3rd party payment vendor which is used to track installment payments on the TestMax Web Store
atgrecsessionid,Functionality,
xdvisitorid,Performance,is associated with Adobe Analytics which is used for web analytics
atgrecvisitorid,Functionality,is associated with Oracle which is used to recognize a visitor across separate visits to a website and ensure account functionality works correctly
__utmzz,Performance,
smtrrmkr,Targeting/Advertising,is associated with Dometic which is used for performance marketing purposes
_td,Functionality,
tltsid,Performance,is associated with the Tealeaf Customer Experience product from IBM
sc_analytics_global_cookie,Performance,is associated with the Sitecore Content Management System as is used for web analytics to identify repeat visits by unique users
arraffinity,Strictly Necessary,
arraffinitysamesite,Strictly Necessary,
smct_session,Functionality,
smc_not,Targeting/Advertising,is associated with Smarter Click advertising cookies which are used for user tracking and ad targeting purposes
smc_sesn,Targeting/Advertising,is used to monitor website visitor behaviour
smc_tpv,Performance,smc_tpv is used to monitor website visitor behaviour
smc_refresh,Strictly Necessary,
smc_tag,Targeting/Advertising,is associated with Smarter Click and Intent
smc_uid,Targeting/Advertising,is used to monitor website visitor behaviour
smc_spv,Targeting/Advertising,is associated with Smarter Click which is used for user tracking and ad targeting purposes
fortertoken,Strictly Necessary,
globale_full_redirect,Strictly Necessary,is associated with GlobalE which is used to support localized currency and payment options on our site and contains the region for the current user to show content such as currency and tax rates relevant for that specific region
ftr_ncd,Strictly Necessary,is associated with Forter which is used to make sure data is not sent more than once per predefined timeframe
_px3,Strictly Necessary,is associated with Bot Defender and is used to maintain a session with HUMAN provide protection against hackers and detect categorize and compile reports on potential bots trying to access the website
crl8.fpcuid,Functionality,is associated with Curalate which is used to track engagement and transactions from Social Commerce experiences and to provide content direct from Instagram ensuring that the service functions properly
globale_data,Strictly Necessary,is associated with GlobalE which is used to hold the browsing information of the user to support localized currency and payment options on the site
globale_ct_data,Functionality,is associated with Global-e which is used to hold a unique client identifier for a customer (per browser) to keep track of the client session and to store Global-e related preferences such as country and currency
dwanonymous_29c8bd709bce117811b14d53deb17581,dwanonymous_xxxxxxxx,
dwac_bct8giaage38yaaac663bfotdo,dwac_XXXXX,
utag_main__pn,Strictly Necessary,
utag_main__st,Strictly Necessary,
utag_main_ses_id,Strictly Necessary,
utag_main__ss,Strictly Necessary,
access_token,Strictly Necessary,
utag_main__se,Strictly Necessary,
utag_main__sn,Strictly Necessary,
adobeujs-optin,Strictly Necessary,is associated with Adobe Inc
__td_signed,__t-xxxxxxxxxxxx,
s_lastvisit,Strictly Necessary,is associated with Adobe Tag Manager which is used for the integration of Adobe Dynamic Tag Manager
ir_pi,Targeting/Advertising,is associated with Impact Radius which is used for affiliate tracking and storing a unique UUID key to help identify a customer later
__rpck,Functionality,is associated with Sitecore Discover which is used to store information such as counters clicked elements connection speed browser flash information cookie ID links user across domains data record server and browser time delta battery information and analytics data sent to third party
__rutma,Functionality,is associated with Sitecore Discover which is used to contain user ID previous session start time current session start time visit count total page count and session page count
__rpckx,Functionality,is used by Sitecore Discover to store information such as counter for individual events time page was verified to be open and time page closed
__rutmb,Functionality,is used to track the session of a user with a value that is a domain hash
ir_gbd,Targeting/Advertising,
trustedsite_visit,Performance,is associated with McAfee which is used to store number of visits for statistics and to understand how visitors interact with the website providing information on metrics such as the number of visitors bounce rate traffic source etc
__ruid,Functionality,is associated with Sitecore Discover which is used to track the user anonymously and enable the site to show relevant and personalized products
samesite,Strictly Necessary,
_mibhv,Targeting/Advertising,
__rcmp,Functionality,is used to show relevant and personalized products on category product and search pages
adrum_bta,Strictly Necessary,is associated with AppDynamics which is used to provide performance data for troubleshooting and SLA compliance and to ensure the availability and responsiveness of the website by monitoring and ensuring server performance
adrum_bt,Performance,
adrum_bt1,Performance,
asessionid,Strictly Necessary,
iv,Performance,is associated with Google Analytics which is used to collect information in aggregate form to help understand how websites are being used or how effective marketing campaigns are and to help customize websites for the user
is,Functionality,is used to store information such as your preferences and to detect and resolve problems with the service maintain and enhance your experience during a specific session
.epiform_bid,Functionality,is used to distinguish the browser that the visitor is using and to identify the visitor when reentering the website
.aspnetcore.session,Strictly Necessary,
defaultlanguage,Functionality,
.aspnetcore.antiforgery.9ttsrw0hzos,Strictly Necessary,
.epiform_visitoridentifier,Functionality,
_personiduser,userXXXXXXXXXXXXXXXXX,
cc,Strictly Necessary,is used to store the user's consent for cookies on the website
session_entry_url,session_xxxxxxxxxxxxxxxxxxxxxxxxx,
session_entry_page_name,session_xxxxxxxxxxxxxxxxxxxxxxxxx,
cookie-notification,Targeting/Advertising,
anonymous-consents,Targeting/Advertising,
ts01a40e5a,Strictly Necessary,
dtpc,Performance,is associated with software from Dynatrace an application performance management (APM) software company
rxvisitor,Functionality,
dtsa,Performance,
_hp2_ses_props.2573639223,_hp2_ses_props.##########,
_hp2_id.2573639223,_hp2_id.##########,
__adblocker,Strictly Necessary,is used to determine if the visitor has any adblocker software in their browser  this information can be used to make website content inaccessible to visitors if the website is financed with third-party advertisement
cx_g,Targeting/Advertising,cX_G is used by cxense to store a unique user ID for marketing purposes
cx_p,Targeting/Advertising,
s_depth,Performance,
res_trackingid,Targeting/Advertising,is used to track your interest provide you with offers or advertisements tailored to your interests and to provide you with a more personalised experience when using our Website
sitevisitscookie,Strictly Necessary,
dmid,Functionality,'dmid' is used to identify a unique site visitor over multiple site visits for personalization purposes
opvc,Strictly Necessary,
gclb,Strictly Necessary,
mgidsensorhref,Targeting/Advertising,MgidSensorHref is associated with MGID Inc
mgidsensornvis,Targeting/Advertising,MgidSensorNVis is associated with MGID Inc
bvbrandid,Performance,
bvbrandsid,Performance,
last_visit_bc,Targeting/Advertising,is used to track the last visit of a user for targeting purposes
gpv_pn,Performance,
_cls_s,Performance,is associated with Glassbox which is used to help understand how users interact with the website
_cls_v,Performance,is associated with Glassbox which is used to assign the visitor a unique anonymous ID and understand how users interact with our websites
s_getnewrepeat,Performance,
dwac_ddcb22018c454a1247eeba52a2,dwac_XXXXX,
dwanonymous_0e12ec9a6a9932971a094fc91c1fbbba,dwanonymous_xxxxxxxx,
mt.v,Performance,
_sfid_0b1e,_sfid_xxxx,
accesstoken,Strictly Necessary,
nitrocachedpage,Strictly Necessary,is used to set the cached status of the viewed page for Nitropack page optimizations which speeds up page delivery
s_inv,Performance,
s_tslv,Performance,
ts01cc593e,Strictly Necessary,
ts01de35ba,Strictly Necessary,
s_nr365,Performance,s_nr365 is associated with Adobe Analytics which is used to track user engagement by storing the time of the user's last visit to a website and to track time since last visit to the website for analytics purposes
dwanonymous_a6b427bd6bbb1645b73b70f60bdb3dac,dwanonymous_xxxxxxxx,
dwac_35fbf77308ea7374f2cc614700,dwac_XXXXX,
clientid,Performance,is associated with Google Analytics which is used to track user interactions across multiple sessions providing a continuous view of user behavior
amp_token,amp_,
user-country-region,userXXXXXXXXXXXXXXXXX,
user-continent,userXXXXXXXXXXXXXXXXX,
_sfid_e0f6,_sfid_xxxx,
refresh_token,Strictly Necessary,
useremailsubsciption,userXXXXXXXXXXXXXXXXX,
session_id,session_xxxxxxxxxxxxxxxxxxxxxxxxx,
tglr_ref,Performance,is used to identify the source from which a user came to the website during a session
tglr_tenant_id,Performance,is used for analytics over a period of 2 years
tglr_sess_count,Performance,
tglr_req,Performance,is used for analytics during a session
tglr_sess_id,Performance,is used for analytics session
tglr_anon_id,Performance,is used for analytics over a period of 2 years
_vwo_uuid_481,_vwo_uuid_XXX,
timezone,Functionality,
s_pvs,Performance,is associated with Adobe Analytics which is used to store a page viewed counter
s_tps,Performance,is associated with SiteCatalyst Adobe Inc
s_lv_s,Performance,
fingerprint,Strictly Necessary,is used to store a cryptographically strong random string of bytes as a Base64 string in a HttpOnly Secure SameSite cookie for the purpose of maintaining a fingerprint value used in AJAX requests for security
datadome,Strictly Necessary,
utag_main_vapi_domain,utag_main_vapi,
awsalbapp-3,awxxxx,
awsalbapp-0,awxxxx,
utag_main_v_id,Strictly Necessary,
awsalbapp-2,awxxxx,
awsalbapp-1,awxxxx,
nvweb_a,Functionality,
_hly_vid,Performance,
_hly_sid,Performance,
cookie_consent,Strictly Necessary,is used to store the user's consent for different types of cookies such as analytics and marketing cookies and to manage their preferences
s_dslv_s,Performance,is associated with Adobe Analytics which is used to collect anonymous information about website use and returns the days since last visit by reporting the readable Timestamp value of the last access
s_dslv,Performance,
amp_9c3879cf0f,amp_,
amp_mktg_9c3879cf0f,amp_,
_pxde,Strictly Necessary,is associated with Booking
__airasiaga_gid,_gid,
city,Functionality,
cfrmfctr,Strictly Necessary,is associated with Airbnb which is used to support site functions and has not yet been given a description
cbkp,Performance,is used to track user interactions and behavior on the website to improve service and user experience
previoustab,Functionality,is used to remember the last tab selected by the user on a website
jitney_client_session_updated_at,Targeting/Advertising,is associated with AirBnb which is used for tracking purposes
bev,Targeting/Advertising,is used to improve user experience personalize advertisements and analyze website traffic
jitney_client_session_created_at,Strictly Necessary,is associated with Airbnb which is used for tracking purposes and security
jitney_client_session_id,Performance,is associated with AirBnb which is used for tracking purposes
user_id,userXXXXXXXXXXXXXXXXX,
__utmt_ua-11111-0,__utmt_xx,
dwac_874c6a13d9873a37a83ee965a9,dwac_XXXXX,
dwanonymous_3c3f79780c540aa100a6375e388b162f,dwanonymous_xxxxxxxx,
pc,Strictly Necessary,is used to remember user preferences regarding cookie consent and to manage site permissions
cn_visits_m,Performance,is used to track the number of visits a user has made to the website
cn_xid,Performance,CN_xid is associated with Condé Nast which is used to set a unique ID for the session to obtain data on visitor behaviour for statistical purposes
cn_segments,Targeting/Advertising,CN_segments is used to register preference data on a specific user across multiple websites in order to optimize the relevance of advertisements
cn_in_visit_m,Performance,is used to track if a user is in a new session/visit
xdibx,Functionality,is associated with Digioh which is used to track user interactions with content delivered by Lightbox CDN such as images or videos
ts019b486b,Strictly Necessary,
sslb,Strictly Necessary,
ssrt,Strictly Necessary,SSRT is used to store the date and time of the user's last request to determine if the visit has timed out and to store information about the robot test
sssc,Strictly Necessary,is used to send the user's Campaign assignment information to the backend webserver including Site ID SiteSpect GUID Visit Count and Campaign Assignments (Campaign ID and Variation Group ID)
advanced_ads_page_impressions,Targeting/Advertising,is associated with Advanced Ads and is used to measure the number of previous page impressions
dwac_f58852efc68eae6a9922eb48e4,dwac_XXXXX,
dwanonymous_c60ff6804b799016e478572b78d98d69,dwanonymous_xxxxxxxx,
__ssid,Strictly Necessary,
ab.storage.sessionid.eb85730c-5192-4ffe-96ce-6035bec651d9,Functionality,
ab.storage.deviceid.eb85730c-5192-4ffe-96ce-6035bec651d9,Targeting/Advertising,
_aimtellsubscriberid,Functionality,is used to identify individual subscribers to the website's push notification services allowing the site to remember a user's preferences and deliver notifications tailored to the user's interests
sc_is_visitor_unique,Performance,
fltk,Functionality,is used to remember user preferences and settings for the FLTK website
_hp2_ses_props.2963336522,_hp2_ses_props.##########,
_hp2_id.2963336522,_hp2_id.##########,
aws-vid,awxxxx,
aws-mkto-trk,awxxxx,
awsd2c-token-c,awxxxx,
awsd2c-token,awxxxx,
awsccc,awxxxx,
ccuid,Performance,is used to collect aggregated and anonymous data on site usage to improve website performance
cdcontextid,Strictly Necessary,is used to identify patterns in how a user interacts with the site recognize their unique style and protect from fraud
csid,Strictly Necessary,is associated with CSIdentity Corporation which is used to protect user identity by reviewing credit and non-credit identity records
spid,Targeting/Advertising,is associated with software and services from digital advertising platform Sellpoints
ts0126dbc2,Strictly Necessary,
_cc,Strictly Necessary,is associated with various services such as Adobe Site Catalyst Lotame DMP and Hello Retail which is used to determine if cookies are enabled in the web browser improve the effectiveness of digital marketing activity and collect information about the users for a better search experience
_sp_su,_sp_xxxxxxxxxx,
__browsisessionid,Strictly Necessary,is associated with the website's session management and is used to maintain user sessions across the website
__browsiuid,Strictly Necessary,is associated with the Rubicon Project which is used to audit cookie consent preferences
omni_visit_id,Performance,'omni_visit_id' is used to uniquely identify a visitor's session on the website
__td_blockevents,__t-xxxxxxxxxxxx,
_edge_s,_edxxxxxxxxxx,
_edge_v,_edxxxxxxxxxx,
__secure-next-auth.callback-url,Strictly Necessary,is used for callback URL value retrieval after authentication flow procedures for different auth providers and to detect spam and improve the website's security
__host-next-auth.csrf-token,Strictly Necessary,is used to ensure visitor browsing-security by preventing cross-site request forgery
exco-uid,xxxx-uidxxxxxxxxxxxxxxxx,
aws-waf-token,awxxxx,
ts016b2668,Strictly Necessary,
svsession,Functionality,
ssr-caching,Strictly Necessary,is associated with WIX which is used for the cache function to optimize the response time between the visitor and the website and for security and anti-fraud purposes
bsession,Strictly Necessary,is used for system effectiveness measurement to register which server-cluster is serving the user and to ensure user's browsing security by preventing cross-site request forgery
_hfid,Strictly Necessary,is used to manage cross-domain consent with a list of domains the user's consent applies to
userwebvitalsflag,userXXXXXXXXXXXXXXXXX,
s_ptc,Performance,is used to track the page load times on the site register the website's speed and performance and collect information about site visitors how they use the site where they come from and page load speed
c3vk,Strictly Necessary,is used to control page navigation and region selection as well as to maintain a session state for data requests on hd
amcv_ea673dfc5a2f19060a495c9c@adobeorg,Targeting/Advertising,
mdlogger,Performance,is used for internal analysis and website optimization in context with the website’s pop-up questionnaires and messengering for statistical or marketing purposes and to add debug logs to the browser’s console
lastvisit,Functionality,
s_monthinvisit,Performance,is used for analytics of application usage aggregated at the customer level or above
s_vmonthnum,Performance,is associated with Adobe Analytics which is used for analytics of application usage aggregated at the customer level or above
country_code,Functionality,
fly_geo,Targeting/Advertising,
ugs,Functionality,is used to remember your preferences and repeat visits on our website
ug,Targeting/Advertising,is used to track visitors across websites and deliver relevant marketing content
muxdata,Functionality,
amp_mktg_f6db63e17b,amp_,
amp_f6db63e17b,amp_,
usercategory,userXXXXXXXXXXXXXXXXX,
pagecount,Performance,
amp_mktg_fa56dc582a,amp_,
amp_fa56dc582a,amp_,
device_type,Functionality,is used to identify the device type that is being used to view a site so that a site can be formatted optimally for that device
platform,Targeting/Advertising,
__requestverificationtoken,Strictly Necessary,
userinfo,userXXXXXXXXXXXXXXXXX,
serverid,Strictly Necessary,
dcid,Strictly Necessary,is used to ensure security by assigning a unique ID to a device to prevent duplicate IDs in a production environment which impacts policy delivery and inventory communication
notice_behavior,Strictly Necessary,is associated with TrustArc which is used to store visitor's cookie preference
market,Strictly Necessary,
roktrecogniser,Performance,
_wchtbl_uid,Functionality,
_wchtbl_sid,Functionality,_wchtbl_sid is used to store user preferences
_tq_id.tv-7281900981-1.caa0,Functionality,
firstvisit,Functionality,is used to store the date when a user visits a website for the first time and helps to show popups a specified number of days after the user's first visit
__uzmdj2,Functionality,__uzmdj2 is used for performance and functionality enhancements on the website
__uzmcj2,Strictly Necessary,__uzmcj2 is used to distinguish bot and scraper traffic
__ssuzjsr2,Functionality,__ssuzjsr2 is used for both performance and functionality enhancements on the website
__uzmd,Functionality,is used to identify the user session and maintain the performance and functionality of the website
__uzmc,Strictly Necessary,__uzmc is used for multiple purposes including essential website functions performance and functionality enhancements and is also mentioned in the context of strictly necessary cookies
__uzmaj2,Strictly Necessary,__uzmaj2 is used to distinguish between humans and bots
__uzmb,Strictly Necessary,__uzmb is used to distinguish bot and scraper traffic
__uzma,Strictly Necessary,__uzma is used for the correct functioning of the website and cannot be disabled typically allowing navigation
connectionspeed,Functionality,is used to store the user's connection speed preference to potentially improve load times and connection quality
userzip,userXXXXXXXXXXXXXXXXX,
check,Functionality,
awsalbctgid,awxxxx,
location,Functionality,
_hp2_id.1404198904,_hp2_id.##########,
as,Targeting/Advertising,
_hp2_ses_props.1404198904,_hp2_ses_props.##########,
georegion,Targeting/Advertising,
poptin_session,Functionality,is associated with Poptin which is used to save the Poptin session for its display settings and to identify the original referrer
poptin_c_visitor,Targeting/Advertising,is associated with Poptin which is used to determine which ads the visitor should be shown and ensure that the same ads do not get shown more than intended
poptin_user_country_code,Functionality,is associated with Poptin which is used to save user country code
poptin_user_id,Functionality,is associated with Poptin which is used to provide a unique visitor ID identify old users save the Poptin session for its display settings and identify unique web browsers for advertising site analytics and other operational purposes
poptin_user_ip,Functionality,is set by Poptin and is used to save user IP address
poptin_old_user,userXXXXXXXXXXXXXXXXX,
path,Strictly Necessary,
firstpage,Functionality,is used to track the first page a user visits on the Spotify service
sn,Strictly Necessary,is used to distinguish between necessary cookies for the website to work correctly and other types of cookies such as analytical preferential and marketing cookies
userstatus,userXXXXXXXXXXXXXXXXX,
ometria,Targeting/Advertising,is associated with Ometria which is used to identify contacts on a website track sessions and re-identify returning contacts using a first-party cookie hosted on the user's domain
bvimplmain_site,Functionality,
swym-swymregid,Strictly Necessary,
kn_cs_visitor_id,visitor_id#####,
uid_state,uid_,
_hp2_ses_props.479232849,_hp2_ses_props.##########,
_hp2_id.479232849,_hp2_id.##########,
craft_csrf_token,Strictly Necessary,
tipmix,Strictly Necessary,
uvts,Functionality,is associated with UserVoice which is used to track user usage analytics and to make it easier for users to leave feedback and make suggestions
csrf,Strictly Necessary,
amp_dec4ad,amp_,
rskxruncookie,Strictly Necessary,is associated with Riskified which is used in conjunction with the payment window and is necessary for making secure transactions on the website
rcookie,Strictly Necessary,is associated with Riskified which is used for fraud prevention and registers statistical data on users' behaviour on the website for internal analytics by the website operator
ccsid,Strictly Necessary,
session_depth,session_xxxxxxxxxxxxxxxxxxxxxxxxx,
is_mobile,Functionality,
amp_760524e2ba,amp_,
amp_mktg_760524e2ba,amp_,
user_select_store,userXXXXXXXXXXXXXXXXX,
dyn_user_confirm,Functionality,is associated with the Oracle ATG Web Commerce platform
dyn_user_id,Functionality,is associated with the Oracle ATG Web Commerce platform
_sfid_a364,_sfid_xxxx,
_hp2_ses_props.1716663238,_hp2_ses_props.##########,
_hp2_id.1716663238,_hp2_id.##########,
dwac_da944a1f39a1f2ed8298b9bd6a,dwac_XXXXX,
dwanonymous_87fc4db44e95d714a76a1b9d0de6c52e,dwanonymous_xxxxxxxx,
_algolia,Functionality,is associated with the site's search feature which is used to track products selected and identify users across sessions with a persistent anonymous user token
gpv_v9,Performance,is used by Adobe Analytics to get the previous page name as part of the Adobe getPreviousValue plugin
wtpersist,Targeting/Advertising,is used to track visitor's interaction with the website content and any incomplete booking flows in order to retarget the visitor with personalized e-mail marketing communications
ora_fpc,Performance,is associated with Oracle Infinity which is used for website analytics and contains a randomly generated visitor ID
cookie-consent,Strictly Necessary,is used to store user's cookie consent/preference
awselb,awxxxx,
c_m,Performance,is associated with Adobe Omniture and Marelli Motori which is used to identify visitors collect information including URLs of pages visited time spent at each page searches performed information about browser and device and interactions with ads
s_evar46,Functionality,'s_evar46' is used to store information related to user's preferences such as 'highlightColor' 'scale' and 'bgAlpha' on jimlyngvild
s_gnr,Performance,is associated with Adobe Analytics which is used to identify whether this is the first time you’ve visited our site and to see how many visitors are returning
cookiesenabled,Strictly Necessary,is used to determine if the user's browser has cookies enabled and to persist client state in browser cookies
gup_clientid,Strictly Necessary,is used to ensure authenticated logins are considered valid
gup_lng,Strictly Necessary,is used for authenticated logins to be considered as valid
gup_anonid,Strictly Necessary,is used to ensure authenticated logins are considered as valid
kameleoonvisitorcode,Functionality,
ctk,Targeting/Advertising,is associated with Indeed and Spotify which is used to track when a user has clicked to look at a particular job after visiting icould and to determine which ads are shown to the visitor
amp_9481d9f351,amp_,
amp_mktg_9481d9f351,amp_,
visited,Functionality,
firsttime,Functionality,
ucstring,ucxxxxxxxxxx,
_shg_session_id,Functionality,is used to maintain session information for the user on the website
_shg_user_id,Targeting/Advertising,is associated with Shogun which is used to collect data on visitor behaviour from multiple websites in order to present more relevant advertisements and to limit the number of times that the visitor is shown the same advertisement
ltksubscriber-footer,Targeting/Advertising,is associated with Listrak which is used to track site usage to measure performance of advertising as well as tracking contact information for marketing purposes
ltkpopup-session-depth,Performance,is associated with listrak
user_id_t,userXXXXXXXXXXXXXXXXX,
_ym_visorc,Performance,
dwanonymous_dcbb433971b276db1952d0366898db66,dwanonymous_xxxxxxxx,
pageviewcount,Performance,
dwac_303ed110d20da4f0403d185a94,dwac_XXXXX,
kayak.mc,Strictly Necessary,is associated with the website www
apache,Strictly Necessary,
p1.med.sid,Strictly Necessary,is used to maintain a user's session state across page requests
cluster,Strictly Necessary,is used to track user consent for cookies on the website
kayak,Targeting/Advertising,is used to obtain statistical data on the navigation of users offer personalized marketing and improve services
_yi,Functionality,_yi is associated with Yieldify which is used for viewing the last time a user saw a campaign or actively browsing storing values from basket sale price or sale order id and to store sessions and interactions on our website to help improve user experiences
_y2,Targeting/Advertising,is used to help with communications and marketing
_sfid_bbce,_sfid_xxxx,
2c.cid,Performance,is used for assigning a unique identifier to each browser for tracking visits and interactions building customer profiles based on site activity and merging customer profiles from multiple devices
s_lv_undefined,undefinedxxxxxxxxxxxxxxxxx,
mgx_uc,ucxxxxxxxxxx,
_hp2_ses_props.2981799048,_hp2_ses_props.##########,
_sfid_95cd,_sfid_xxxx,
_hp2_id.2981799048,_hp2_id.##########,
uat_peerius_user,userXXXXXXXXXXXXXXXXX,
eg-s-id,Strictly Necessary,is used to enable chat functionality offers cobrowse knowledge and is also associated with maintaining session and security for user authentication
eg-u-id,Functionality,is used to provide a unique user ID and enable chat functionality
gdn_tst,_tst,
wcs_bt,Targeting/Advertising,is associated with Naver Corporation which is used to display relevant advertising to visitors
__lt__sid,Targeting/Advertising,
__lt__cid,Targeting/Advertising,
kampylepageloadedtimestamp,Functionality,is associated with customer survey and feedback functionality on a website using software from Kampyle Ltd
userequestedlanguage,userXXXXXXXXXXXXXXXXX,
feathr_session_id,Performance,
ektguid,Performance,
_sfid_ca5a,_sfid_xxxx,
tapad_did,Targeting/Advertising,
aslbsacors,Strictly Necessary,
_culture,Functionality,is used to store the user's preferred language and regional settings which customizes the user's experience by displaying the website in a specific language and format
aslbsa,Strictly Necessary,
kw.session_ts,Functionality,kw
_tccl_visitor,Performance,is set by GoDaddy and is used to store anonymized statistics and monitor website usage performance
dps_site_id,Strictly Necessary,
_tccl_visit,Performance,is set by the web hosting provider GoDaddy to store anonymized statistics and monitor website usage performance
amp_mktg_2746a27a28,amp_,
amp_2746a27a28,amp_,
user.uuid.v2,userXXXXXXXXXXXXXXXXX,
ucaaccountoverview,ucxxxxxxxxxx,
ucaprofiledata,ucxxxxxxxxxx,
revisituser,userXXXXXXXXXXXXXXXXX,
anonymousid,Performance,is used to generate a universally unique ID (UUID) for the viewer during the library’s initialization phase and sets this as anonymousId for each new visitor to the site
__smvid,Targeting/Advertising,
_ml_id,Performance,is associated with the Mailgun platform which is used to identify and track user behavior in relation to emails sent through the platform
anondeviceid,Targeting/Advertising,is used to track device information across multiple domains
_ml_ses,Performance,is used to track and manage user sessions in email campaigns sent through the Mailgun platform
__zephruser,userXXXXXXXXXXXXXXXXX,
ss_cvr,Targeting/Advertising,
ss_cvt,Performance,is set by websites that use the Squarespace platform which is used to identify unique visitors and track a visitor's sessions on a site
crumb,Strictly Necessary,
mautic_device_id,Targeting/Advertising,is associated with Mautic which is used to store and track interaction for marketing purposes and to power on-site forms for users who opt into email subscription alerts
mtc_id,Targeting/Advertising,is associated with Mautic which is used for setting a unique ID for the visitor to track the visitor across multiple websites in order to serve them with relevant advertisements
mtc_sid,Performance,is associated with Webmecanik to track visitors to the site collect information about their preferences and manage forms on the site
__io_nav_state44395,__ioxxxxxxxxxxxxxx,
__io,__ioxxxxxxxxxxxxxx,
__io_unique_44395,__ioxxxxxxxxxxxxxx,
__io_d,__ioxxxxxxxxxxxxxx,
__io_lv,__ioxxxxxxxxxxxxxx,
__io_session_id,__ioxxxxxxxxxxxxxx,
useragent_window_width,userXXXXXXXXXXXXXXXXX,
__io_visit_44395,__ioxxxxxxxxxxxxxx,
dwanonymous_8e9df14ffe5e00abf8edac7eee3c6e60,dwanonymous_xxxxxxxx,
dwac_8c8fcb49dcb054d3647e1c73ef,dwac_XXXXX,
userhistory,userXXXXXXXXXXXXXXXXX,
domain,Strictly Necessary,
nitro-uid,xxxx-uidxxxxxxxxxxxxxxxx,
oageo,Targeting/Advertising,
lastrskxrun,Strictly Necessary,is associated with Riskified which is used for fraud prevention
pystrafficsource,Performance,is associated with PixelYourSite which is used to store referring website for statistical purposes
pys_landing_page,Performance,is used by PixelYourSite to store which page was visited first for statistical purposes
user-country,userXXXXXXXXXXXXXXXXX,
user-region,userXXXXXXXXXXXXXXXXX,
user-device-os,userXXXXXXXXXXXXXXXXX,
userlocaldata_mone_session_lastsession,userXXXXXXXXXXXXXXXXX,
__mmapiwsid,Strictly Necessary,is installed by minFraud services to identify devices as they move across networks and enhances the ability of the minFraud services to detect fraud
dnn_ismobile,Functionality,
com.silverpop.ima.page_visit,Targeting/Advertising,
com.silverpop.ima.session,Performance,is associated with com
com.silverpop.imawebcookie,Functionality,is associated with the system which is used to assign a unique visitor key distinguish the first visit to a webpage by an individual from subsequent visits and ensure the web tracking script has loaded successfully
amp_5a7cb616c0,amp_,
amp_mktg_5a7cb616c0,amp_,
_bs,Targeting/Advertising,is associated with Blueshift which is used for targeting purposes
_hp2_id.4023737901,_hp2_id.##########,
_hp2_ses_props.4023737901,_hp2_ses_props.##########,
sreferrer,Functionality,
st,Functionality,is used to persist an authToken across multiple sessions for the same user manage user instance shared across all browser sessions maintain chat memory in a browser tab and store cookies in the client browser for a better user experience
xg,Strictly Necessary,is used to ensure users get the best experience on the website and may include remembering user preferences and settings
dwanonymous_eab825b2013451bc476bd4be973bee49,dwanonymous_xxxxxxxx,
dwac_b3a0a8b2237985e9fa0ea5d219,dwac_XXXXX,
vv_visitor_id,visitor_id#####,
extole_access_token,Performance,
aam_sc,Targeting/Advertising,is used to store user segments for advertising purposes
__session,_session_xxxxxxxxx,
previousurl,Functionality,
usercountry,userXXXXXXXXXXXXXXXXX,
s_gvo_50,s_gvo_,
s_gvo_51,s_gvo_,
s_gvo_11,s_gvo_,
s_gvo_22,s_gvo_,
s_gvo_10,s_gvo_,
s_gvo_15,s_gvo_,
s_pv,Performance,
s_gvo_9,s_gvo_,
aamc_wmg_0,Targeting/Advertising,
s_gvo_46,s_gvo_,
ss_analytics_id,Functionality,is associated with Squarespace which is used to identify unique visitors to our site
ss_session_id,Strictly Necessary,is used to identify users for the duration of their visit to our site and is essential for the operation of the website
optimizelyoptout,Targeting/Advertising,
aam_did,Targeting/Advertising,is associated with Adobe Audience Manager which is used to forward Analytics data to Adobe Audience Manager and share Analytics data with Audience Manager
invoca_session,Performance,is associated with internal analytics by the website operator which is used to register statistical data on users' behaviour on the website
_caid,Functionality,is associated with Channel Advisor which is used to track sales that have come in via links managed by our partner Channel Advisor
_cavisit,Performance,is used by ChannelAdvisor to track visits and assess the effectiveness of sessions driven by ChannelAdvisor supported advertisements and to track sales that have come in via links managed by Channel Advisor
x_ulta_visitor_id,visitor_id#####,
user_attributes,userXXXXXXXXXXXXXXXXX,
user-agent,userXXXXXXXXXXXXXXXXX,
__tvpa,__t-xxxxxxxxxxxx,
_sfid_db9e,_sfid_xxxx,
ts012768cf,Strictly Necessary,
amp_mktg_d0f466b6ce,amp_,
tatari-session-cookie,Targeting/Advertising,
tatari-cookie-test,Targeting/Advertising,is associated with Tatari Inc
t-ip,Targeting/Advertising,is associated with Tatari which is used for tracking TV ad performance
amp_d0f466b6ce,amp_,
session_ai_variant,session_xxxxxxxxxxxxxxxxxxxxxxxxx,
s_dl,Performance,
awselbcors,awxxxx,
_fs_sample_user,userXXXXXXXXXXXXXXXXX,
usercountrylocation,userXXXXXXXXXXXXXXXXX,
userprovincelocation,userXXXXXXXXXXXXXXXXX,
addtl_consent,Strictly Necessary,is used to store the Google Additional Vendor Consent string which is part of the IAB Transparency and Consent Framework
__io_nav_state44880,__ioxxxxxxxxxxxxxx,
_sg_b_v,Performance,
_sg_b_p,Functionality,is used to support the operation of a survey tool from a provider called Alchemer which is used for customer feedback
auth0_nonce,nonce.xxxxxx.xxxxxxxxxx,
snapabugvisit,Functionality,is associated with live chat software from SnapEngage
snapabuguseralias,Functionality,is used to store the visitor alias (name) on use of the setUserName() Javascript API
snapabugref,Functionality,is associated with live chat software from SnapEngage
ts018bddb2,Strictly Necessary,
snapabughistory,Functionality,is associated with live chat software from SnapEngage
ts014679d5,Strictly Necessary,
tealium_visitor_id,visitor_id#####,
source_nr,Targeting/Advertising,
dwac_0a0c391a8512460c68e85228bc,dwac_XXXXX,
dwanonymous_43647d49384023dce43a2925f808b1ce,dwanonymous_xxxxxxxx,
dw,Strictly Necessary,
dw_cookies_accepted,Strictly Necessary,
episessionid,Strictly Necessary,is used by sites using the
ucsearchparams,ucxxxxxxxxxx,
visit,Strictly Necessary,is used to maintain a secure session for you during your visit
__olapicu,Targeting/Advertising,
usercontext,userXXXXXXXXXXXXXXXXX,
_sp_mis_id,_sp_xxxxxxxxxx,
kppid,Strictly Necessary,'kppid' is used to generate a unique identifier for users
gnt_ub,Targeting/Advertising,is used to track user behavior and deliver targeted advertising
_sfid_9bc0,_sfid_xxxx,
hl,Strictly Necessary,is associated with Houlihan Lokey which is used to help prevent Cross-Site Request Forgery (CSRF) attacks preserve the visitor's session state across page requests distribute traffic to the website on several servers to optimise response times store the user's cookie consent state for the current domain ensure website security and fraud detection preserve users states across page requests track the visitor's use of video-content collect information on user behaviour on multiple websites to optimize the relevance of advertisement and used in context with Account-Based-Marketing (ABM) to register data such as IP-addresses time spent on the website and page requests for the visit
cyb_ab,Functionality,is used to provide enhanced functionality and personalisation on the website
cybsessionid,Functionality,is used to enable the website to provide enhanced functionality and personalisation
_vt_shop,Functionality,_vt_shop is used to enable the website to provide enhanced functionality and personalisation
cyb_id,Functionality,CYB_ID is used to enable the website to provide enhanced functionality and personalisation
userid_cookie_name,userXXXXXXXXXXXXXXXXX,
play_lang,Functionality,is used by LinkedIn services to remember a user's language preference
_vt_user,userXXXXXXXXXXXXXXXXX,
userlocation,userXXXXXXXXXXXXXXXXX,
zps-tgr-dts,Functionality,is used to store the session's metadata on your website and activate your experiment based on a given trigger condition
zft-sdc,Performance,is used for fetching metadata details—such as entrances source and more—of a session which is used by the web assistant (web analytics)
zabuserid,Performance,is used for identifying individual visitors along with the status of new and returning visitors and to manage analyse and understand visitor behaviour across the website
_gaweeb_gid,_gid,
uc_id,ucxxxxxxxxxx,
taunique,Targeting/Advertising,
amp_164be53469,amp_,
amp_mktg_164be53469,amp_,
fsav,Strictly Necessary,FSAV is used for maintaining user's login status as they navigate across multiple pages on the website and for scanning files for viruses and other malicious code
fsac,Targeting/Advertising,is used for various purposes including strictly necessary functions on multiple websites and targeting purposes on at least one site
_vwo_uuid_498,_vwo_uuid_XXX,
v,Targeting/Advertising,
device,Strictly Necessary,
express:sess.sig,Strictly Necessary,is used to update the expiry of the session cookie when a user has ticked the 'remember me' checkbox on login ensuring the user's session remains active when they quit and reopen their browser
express:sess,Strictly Necessary,is used to update the session cookie expiry when a user performs an API call and has selected the 'remember me' option on login
user_ref_url,userXXXXXXXXXXXXXXXXX,
sssessionidnamespace,Functionality,is used to track the user's interaction with the website's search-bar-function and to ensure accurate and fast search results
ssuserid,Functionality,'ssUserId' is used to store a unique shopper string ID of the current logged-in shopper for personalization features and generate a new ID if the shopper is anonymous
_isuid,Functionality,is associated with Searchspring which is used to track the user's interaction with the website's search-bar-function and to present the user with relevant products or services
tms_wsip,Strictly Necessary,is used to record user/customer activity on the website and to identify if the user is using a modern web browser that supports 'web sockets' for more efficient communication which is essential for website performance
tms_visitorid,Functionality,
_admrla,Targeting/Advertising,_admrla is associated with Admiral which is used to register users on the website make content and advertisements more relevant for the user and is also mentioned in the context of performance cookies by a third party
anonumoususer,userXXXXXXXXXXXXXXXXX,
ucountry,ucxxxxxxxxxx,
amp_68b292e677,amp_,
amp_mktg_68b292e677,amp_,
play_session,Strictly Necessary,
bid,Strictly Necessary,
aid,Targeting/Advertising,is associated with Google Analytics and Google Ads which is used to link your activities on other devices you have previously logged into using your Google account
awinchannelcookie,awxxxx,
user-location,userXXXXXXXXXXXXXXXXX,
useragent,userXXXXXXXXXXXXXXXXX,
userdata,userXXXXXXXXXXXXXXXXX,
fv,Functionality,is used to improve user experience and analyze website traffic as well as to remember user preferences and settings
dwanonymous_703a88f0908e1e9e8e08b0fc2e2cef86,dwanonymous_xxxxxxxx,
dwac_feff891d79c3aef861b8a816a1,dwac_XXXXX,
fpcid,Strictly Necessary,is used to help navigate efficiently and perform certain functions
wt_fpc,Performance,
adrum,Performance,
timezoneoffset,Functionality,is used to store the timezone difference between UTC and Local browser time
fp_token_7c6a6574-f011-4c9a-abdd-9894a102ccef,Strictly Necessary,This cookie name is used for verification of device recognition and fraud protection.
amcvs_675616d751e567410a490d4c%40adobeorg,Targeting/Advertising,This is a pattern type cookie name associated with Adobe Marketing Cloud. It stores a unique visitor identifier and uses an organisation identifier.
dzr_uniq_id,Functionality,
apay-session-set,Strictly Necessary,
rsci_vid,Functionality,is used to store the end-user’s identity across visits to the Site and their preference to disable our live chat feature
cookieconsent_preferences_disabled,Strictly Necessary,
_ps_session,Strictly Necessary,is associated with sdk
_sda:lexus:t1:user,userXXXXXXXXXXXXXXXXX,
session_pages,session_xxxxxxxxxxxxxxxxxxxxxxxxx,
amcvs_8f8b67c25245b30d0a490d4c%40adobeorg,Targeting/Advertising,This is a pattern type cookie name associated with Adobe Marketing Cloud. It stores a unique visitor identifier and uses an organisation identifier.
z_idsyncs,Functionality,is used to track IDs for the site visitor and manage web content visibility and push notification interactions
zaius_js_version,Performance,is associated with the Optimizely Data Platform which is used for multi variant testing
vtsrc,Targeting/Advertising,vtsrc is used to contain campaign related information for the user
_pxff_rf,Strictly Necessary,
_sfid_6ab3,_sfid_xxxx,
site_id,Performance,is associated with Hotjar which is used to persist the Hotjar User ID unique to that site and ensures data from subsequent visits to the same site are attributed to the same user ID
_sfid_fcb3,_sfid_xxxx,
_wpfuuid,Functionality,
user_email_id,userXXXXXXXXXXXXXXXXX,
_sda:toyota:t1:user,userXXXXXXXXXXXXXXXXX,